user_id,item_id,timestamp
1,4,1800001000
1,5,1800001001
1,6,1800001002
1,7,1800001003
1,8,1800001004
1,31,1800001005
1,10,1800001006
1,11,1800001007
1,12,1800001008
1,13,1800001009
1,14,1800001010
1,15,1800001011
1,16,1800001012
1,17,1800001013
1,18,1800001014
1,22,1800001015
1,20,1800001016
1,1,1800001017
1,2,1800001018
1,3,1800001019
1,4,1800001020
1,5,1800001021
1,6,1800001022
1,60,1800001023
2,27,1800002000
2,28,1800002001
2,29,1800002002
2,119,1800002003
2,109,1800002004
2,32,1800002005
2,33,1800002006
2,34,1800002007
2,35,1800002008
2,36,1800002009
2,37,1800002010
2,38,1800002011
2,39,1800002012
2,40,1800002013
2,21,1800002014
2,29,1800002015
2,23,1800002016
2,24,1800002017
2,25,1800002018
2,26,1800002019
2,27,1800002020
2,28,1800002021
2,29,1800002022
2,30,1800002023
3,50,1800003000
3,120,1800003001
3,52,1800003002
3,53,1800003003
3,28,1800003004
3,55,1800003005
3,56,1800003006
3,57,1800003007
3,58,1800003008
3,22,1800003009
3,60,1800003010
3,68,1800003011
3,42,1800003012
3,43,1800003013
3,44,1800003014
3,45,1800003015
3,46,1800003016
3,47,1800003017
3,48,1800003018
3,49,1800003019
3,36,1800003020
3,51,1800003021
3,52,1800003022
3,53,1800003023
4,73,1800004000
4,74,1800004001
4,75,1800004002
4,76,1800004003
4,77,1800004004
4,78,1800004005
4,15,1800004006
4,80,1800004007
4,61,1800004008
4,62,1800004009
4,63,1800004010
4,64,1800004011
4,65,1800004012
4,66,1800004013
4,67,1800004014
4,97,1800004015
4,69,1800004016
4,70,1800004017
4,71,1800004018
4,72,1800004019
4,73,1800004020
4,114,1800004021
4,75,1800004022
4,76,1800004023
5,96,1800005000
5,48,1800005001
5,98,1800005002
5,99,1800005003
5,100,1800005004
5,81,1800005005
5,82,1800005006
5,83,1800005007
5,84,1800005008
5,85,1800005009
5,86,1800005010
5,87,1800005011
5,104,1800005012
5,89,1800005013
5,4,1800005014
5,91,1800005015
5,98,1800005016
5,93,1800005017
5,94,1800005018
5,95,1800005019
5,96,1800005020
5,97,1800005021
5,98,1800005022
5,99,1800005023
6,119,1800006000
6,120,1800006001
6,101,1800006002
6,102,1800006003
6,103,1800006004
6,104,1800006005
6,105,1800006006
6,106,1800006007
6,68,1800006008
6,108,1800006009
6,109,1800006010
6,110,1800006011
6,111,1800006012
6,112,1800006013
6,113,1800006014
6,47,1800006015
6,115,1800006016
6,116,1800006017
6,16,1800006018
6,64,1800006019
6,119,1800006020
6,120,1800006021
6,101,1800006022
6,102,1800006023
7,58,1800007000
7,86,1800007001
7,84,1800007002
7,5,1800007003
7,6,1800007004
7,97,1800007005
7,8,1800007006
7,48,1800007007
7,74,1800007008
7,11,1800007009
7,81,1800007010
7,72,1800007011
7,14,1800007012
7,15,1800007013
7,16,1800007014
7,17,1800007015
7,18,1800007016
7,19,1800007017
7,20,1800007018
7,23,1800007019
7,51,1800007020
7,3,1800007021
7,4,1800007022
7,5,1800007023
8,25,1800008000
8,10,1800008001
8,27,1800008002
8,28,1800008003
8,29,1800008004
8,30,1800008005
8,31,1800008006
8,32,1800008007
8,33,1800008008
8,34,1800008009
8,35,1800008010
8,41,1800008011
8,37,1800008012
8,38,1800008013
8,39,1800008014
8,40,1800008015
8,21,1800008016
8,22,1800008017
8,23,1800008018
8,24,1800008019
8,25,1800008020
8,26,1800008021
8,27,1800008022
8,28,1800008023
9,48,1800009000
9,49,1800009001
9,50,1800009002
9,51,1800009003
9,52,1800009004
9,53,1800009005
9,54,1800009006
9,55,1800009007
9,56,1800009008
9,57,1800009009
9,58,1800009010
9,59,1800009011
9,60,1800009012
9,41,1800009013
9,42,1800009014
9,43,1800009015
9,5,1800009016
9,45,1800009017
9,94,1800009018
9,47,1800009019
9,48,1800009020
9,49,1800009021
9,50,1800009022
9,51,1800009023
10,71,1800010000
10,72,1800010001
10,73,1800010002
10,74,1800010003
10,75,1800010004
10,76,1800010005
10,77,1800010006
10,78,1800010007
10,120,1800010008
10,80,1800010009
10,61,1800010010
10,62,1800010011
10,63,1800010012
10,64,1800010013
10,65,1800010014
10,66,1800010015
10,67,1800010016
10,45,1800010017
10,69,1800010018
10,70,1800010019
10,71,1800010020
10,72,1800010021
10,73,1800010022
10,55,1800010023
11,94,1800011000
11,103,1800011001
11,96,1800011002
11,97,1800011003
11,37,1800011004
11,99,1800011005
11,100,1800011006
11,81,1800011007
11,82,1800011008
11,83,1800011009
11,84,1800011010
11,81,1800011011
11,86,1800011012
11,87,1800011013
11,88,1800011014
11,115,1800011015
11,90,1800011016
11,91,1800011017
11,92,1800011018
11,93,1800011019
11,68,1800011020
11,95,1800011021
11,96,1800011022
11,97,1800011023
12,111,1800012000
12,118,1800012001
12,119,1800012002
12,120,1800012003
12,101,1800012004
12,102,1800012005
12,103,1800012006
12,104,1800012007
12,105,1800012008
12,106,1800012009
12,107,1800012010
12,108,1800012011
12,109,1800012012
12,110,1800012013
12,111,1800012014
12,112,1800012015
12,113,1800012016
12,114,1800012017
12,115,1800012018
12,116,1800012019
12,117,1800012020
12,118,1800012021
12,119,1800012022
12,120,1800012023
13,44,1800013000
13,1,1800013001
13,2,1800013002
13,3,1800013003
13,4,1800013004
13,5,1800013005
13,6,1800013006
13,90,1800013007
13,8,1800013008
13,9,1800013009
13,10,1800013010
13,14,1800013011
13,12,1800013012
13,39,1800013013
13,14,1800013014
13,15,1800013015
13,16,1800013016
13,20,1800013017
13,18,1800013018
13,19,1800013019
13,20,1800013020
13,1,1800013021
13,2,1800013022
13,3,1800013023
14,23,1800014000
14,24,1800014001
14,25,1800014002
14,26,1800014003
14,27,1800014004
14,28,1800014005
14,29,1800014006
14,30,1800014007
14,31,1800014008
14,32,1800014009
14,33,1800014010
14,34,1800014011
14,35,1800014012
14,36,1800014013
14,37,1800014014
14,102,1800014015
14,39,1800014016
14,40,1800014017
14,102,1800014018
14,22,1800014019
14,23,1800014020
14,24,1800014021
14,25,1800014022
14,26,1800014023
15,46,1800015000
15,47,1800015001
15,3,1800015002
15,49,1800015003
15,50,1800015004
15,51,1800015005
15,52,1800015006
15,53,1800015007
15,54,1800015008
15,55,1800015009
15,56,1800015010
15,57,1800015011
15,58,1800015012
15,59,1800015013
15,60,1800015014
15,41,1800015015
15,42,1800015016
15,43,1800015017
15,44,1800015018
15,45,1800015019
15,46,1800015020
15,47,1800015021
15,48,1800015022
15,49,1800015023
16,69,1800016000
16,19,1800016001
16,84,1800016002
16,72,1800016003
16,73,1800016004
16,74,1800016005
16,109,1800016006
16,76,1800016007
16,77,1800016008
16,11,1800016009
16,79,1800016010
16,80,1800016011
16,61,1800016012
16,62,1800016013
16,63,1800016014
16,64,1800016015
16,65,1800016016
16,66,1800016017
16,87,1800016018
16,20,1800016019
16,69,1800016020
16,70,1800016021
16,71,1800016022
16,68,1800016023
17,74,1800017000
17,93,1800017001
17,94,1800017002
17,95,1800017003
17,96,1800017004
17,97,1800017005
17,98,1800017006
17,99,1800017007
17,100,1800017008
17,81,1800017009
17,82,1800017010
17,83,1800017011
17,84,1800017012
17,85,1800017013
17,86,1800017014
17,87,1800017015
17,88,1800017016
17,89,1800017017
17,90,1800017018
17,91,1800017019
17,92,1800017020
17,93,1800017021
17,94,1800017022
17,95,1800017023
18,115,1800018000
18,116,1800018001
18,117,1800018002
18,118,1800018003
18,28,1800018004
18,120,1800018005
18,101,1800018006
18,102,1800018007
18,103,1800018008
18,104,1800018009
18,105,1800018010
18,106,1800018011
18,107,1800018012
18,71,1800018013
18,109,1800018014
18,110,1800018015
18,111,1800018016
18,97,1800018017
18,113,1800018018
18,114,1800018019
18,115,1800018020
18,97,1800018021
18,45,1800018022
18,118,1800018023
19,18,1800019000
19,19,1800019001
19,20,1800019002
19,63,1800019003
19,2,1800019004
19,3,1800019005
19,4,1800019006
19,5,1800019007
19,6,1800019008
19,97,1800019009
19,8,1800019010
19,109,1800019011
19,10,1800019012
19,11,1800019013
19,66,1800019014
19,13,1800019015
19,14,1800019016
19,15,1800019017
19,16,1800019018
19,17,1800019019
19,18,1800019020
19,19,1800019021
19,40,1800019022
19,1,1800019023
20,21,1800020000
20,22,1800020001
20,23,1800020002
20,24,1800020003
20,25,1800020004
20,26,1800020005
20,27,1800020006
20,28,1800020007
20,29,1800020008
20,30,1800020009
20,31,1800020010
20,32,1800020011
20,91,1800020012
20,34,1800020013
20,35,1800020014
20,36,1800020015
20,37,1800020016
20,38,1800020017
20,39,1800020018
20,40,1800020019
20,21,1800020020
20,22,1800020021
20,67,1800020022
20,24,1800020023
21,81,1800021000
21,45,1800021001
21,34,1800021002
21,47,1800021003
21,48,1800021004
21,49,1800021005
21,50,1800021006
21,51,1800021007
21,52,1800021008
21,53,1800021009
21,30,1800021010
21,55,1800021011
21,35,1800021012
21,57,1800021013
21,58,1800021014
21,59,1800021015
21,60,1800021016
21,104,1800021017
21,42,1800021018
21,101,1800021019
21,9,1800021020
21,45,1800021021
21,46,1800021022
21,47,1800021023
22,72,1800022000
22,68,1800022001
22,69,1800022002
22,70,1800022003
22,53,1800022004
22,72,1800022005
22,73,1800022006
22,74,1800022007
22,75,1800022008
22,76,1800022009
22,30,1800022010
22,78,1800022011
22,79,1800022012
22,80,1800022013
22,112,1800022014
22,62,1800022015
22,63,1800022016
22,64,1800022017
22,65,1800022018
22,66,1800022019
22,67,1800022020
22,68,1800022021
22,69,1800022022
22,70,1800022023
23,90,1800023000
23,91,1800023001
23,92,1800023002
23,93,1800023003
23,94,1800023004
23,95,1800023005
23,96,1800023006
23,97,1800023007
23,98,1800023008
23,99,1800023009
23,100,1800023010
23,81,1800023011
23,82,1800023012
23,83,1800023013
23,84,1800023014
23,85,1800023015
23,86,1800023016
23,66,1800023017
23,88,1800023018
23,79,1800023019
23,90,1800023020
23,91,1800023021
23,92,1800023022
23,93,1800023023
24,113,1800024000
24,114,1800024001
24,115,1800024002
24,116,1800024003
24,117,1800024004
24,24,1800024005
24,119,1800024006
24,120,1800024007
24,101,1800024008
24,102,1800024009
24,103,1800024010
24,104,1800024011
24,10,1800024012
24,106,1800024013
24,107,1800024014
24,53,1800024015
24,109,1800024016
24,110,1800024017
24,12,1800024018
24,112,1800024019
24,113,1800024020
24,114,1800024021
24,115,1800024022
24,116,1800024023
25,56,1800025000
25,17,1800025001
25,18,1800025002
25,19,1800025003
25,20,1800025004
25,45,1800025005
25,2,1800025006
25,3,1800025007
25,4,1800025008
25,5,1800025009
25,6,1800025010
25,13,1800025011
25,8,1800025012
25,9,1800025013
25,10,1800025014
25,11,1800025015
25,12,1800025016
25,13,1800025017
25,14,1800025018
25,15,1800025019
25,16,1800025020
25,17,1800025021
25,18,1800025022
25,32,1800025023
26,6,1800026000
26,40,1800026001
26,21,1800026002
26,22,1800026003
26,23,1800026004
26,24,1800026005
26,96,1800026006
26,26,1800026007
26,27,1800026008
26,28,1800026009
26,29,1800026010
26,30,1800026011
26,31,1800026012
26,32,1800026013
26,33,1800026014
26,34,1800026015
26,35,1800026016
26,36,1800026017
26,37,1800026018
26,38,1800026019
26,39,1800026020
26,40,1800026021
26,21,1800026022
26,116,1800026023
27,42,1800027000
27,43,1800027001
27,44,1800027002
27,45,1800027003
27,46,1800027004
27,47,1800027005
27,48,1800027006
27,49,1800027007
27,50,1800027008
27,51,1800027009
27,52,1800027010
27,53,1800027011
27,54,1800027012
27,55,1800027013
27,56,1800027014
27,57,1800027015
27,58,1800027016
27,59,1800027017
27,60,1800027018
27,41,1800027019
27,76,1800027020
27,86,1800027021
27,44,1800027022
27,45,1800027023
28,65,1800028000
28,66,1800028001
28,67,1800028002
28,68,1800028003
28,69,1800028004
28,49,1800028005
28,71,1800028006
28,72,1800028007
28,73,1800028008
28,74,1800028009
28,72,1800028010
28,76,1800028011
28,44,1800028012
28,78,1800028013
28,79,1800028014
28,80,1800028015
28,61,1800028016
28,62,1800028017
28,63,1800028018
28,3,1800028019
28,65,1800028020
28,66,1800028021
28,67,1800028022
28,68,1800028023
29,88,1800029000
29,89,1800029001
29,90,1800029002
29,91,1800029003
29,92,1800029004
29,93,1800029005
29,94,1800029006
29,95,1800029007
29,96,1800029008
29,97,1800029009
29,98,1800029010
29,99,1800029011
29,100,1800029012
29,81,1800029013
29,82,1800029014
29,83,1800029015
29,84,1800029016
29,85,1800029017
29,110,1800029018
29,87,1800029019
29,88,1800029020
29,89,1800029021
29,90,1800029022
29,80,1800029023
30,111,1800030000
30,112,1800030001
30,44,1800030002
30,114,1800030003
30,115,1800030004
30,116,1800030005
30,117,1800030006
30,118,1800030007
30,119,1800030008
30,120,1800030009
30,101,1800030010
30,102,1800030011
30,103,1800030012
30,104,1800030013
30,105,1800030014
30,106,1800030015
30,107,1800030016
30,108,1800030017
30,109,1800030018
30,110,1800030019
30,111,1800030020
30,112,1800030021
30,113,1800030022
30,114,1800030023
31,14,1800031000
31,15,1800031001
31,111,1800031002
31,17,1800031003
31,18,1800031004
31,19,1800031005
31,93,1800031006
31,119,1800031007
31,2,1800031008
31,3,1800031009
31,4,1800031010
31,5,1800031011
31,60,1800031012
31,7,1800031013
31,8,1800031014
31,9,1800031015
31,10,1800031016
31,11,1800031017
31,32,1800031018
31,89,1800031019
31,14,1800031020
31,15,1800031021
31,16,1800031022
31,11,1800031023
32,37,1800032000
32,38,1800032001
32,39,1800032002
32,19,1800032003
32,21,1800032004
32,22,1800032005
32,23,1800032006
32,24,1800032007
32,25,1800032008
32,26,1800032009
32,27,1800032010
32,28,1800032011
32,29,1800032012
32,80,1800032013
32,31,1800032014
32,32,1800032015
32,33,1800032016
32,68,1800032017
32,35,1800032018
32,36,1800032019
32,37,1800032020
32,38,1800032021
32,39,1800032022
32,40,1800032023
33,91,1800033000
33,41,1800033001
33,42,1800033002
33,43,1800033003
33,44,1800033004
33,90,1800033005
33,46,1800033006
33,47,1800033007
33,48,1800033008
33,49,1800033009
33,100,1800033010
33,8,1800033011
33,52,1800033012
33,53,1800033013
33,54,1800033014
33,55,1800033015
33,56,1800033016
33,52,1800033017
33,58,1800033018
33,37,1800033019
33,60,1800033020
33,108,1800033021
33,42,1800033022
33,43,1800033023
34,115,1800034000
34,64,1800034001
34,63,1800034002
34,66,1800034003
34,67,1800034004
34,68,1800034005
34,69,1800034006
34,70,1800034007
34,71,1800034008
34,72,1800034009
34,73,1800034010
34,74,1800034011
34,75,1800034012
34,76,1800034013
34,77,1800034014
34,78,1800034015
34,79,1800034016
34,80,1800034017
34,61,1800034018
34,62,1800034019
34,63,1800034020
34,64,1800034021
34,65,1800034022
34,88,1800034023
35,86,1800035000
35,87,1800035001
35,88,1800035002
35,89,1800035003
35,90,1800035004
35,91,1800035005
35,102,1800035006
35,93,1800035007
35,94,1800035008
35,95,1800035009
35,96,1800035010
35,97,1800035011
35,98,1800035012
35,99,1800035013
35,100,1800035014
35,81,1800035015
35,82,1800035016
35,83,1800035017
35,84,1800035018
35,85,1800035019
35,86,1800035020
35,87,1800035021
35,88,1800035022
35,89,1800035023
36,109,1800036000
36,110,1800036001
36,109,1800036002
36,112,1800036003
36,113,1800036004
36,114,1800036005
36,115,1800036006
36,116,1800036007
36,117,1800036008
36,10,1800036009
36,119,1800036010
36,120,1800036011
36,101,1800036012
36,102,1800036013
36,103,1800036014
36,104,1800036015
36,105,1800036016
36,90,1800036017
36,107,1800036018
36,108,1800036019
36,21,1800036020
36,110,1800036021
36,107,1800036022
36,112,1800036023
37,62,1800037000
37,13,1800037001
37,14,1800037002
37,15,1800037003
37,16,1800037004
37,17,1800037005
37,18,1800037006
37,33,1800037007
37,20,1800037008
37,1,1800037009
37,2,1800037010
37,3,1800037011
37,4,1800037012
37,5,1800037013
37,6,1800037014
37,7,1800037015
37,8,1800037016
37,9,1800037017
37,10,1800037018
37,11,1800037019
37,12,1800037020
37,18,1800037021
37,14,1800037022
37,15,1800037023
38,35,1800038000
38,36,1800038001
38,37,1800038002
38,38,1800038003
38,39,1800038004
38,40,1800038005
38,21,1800038006
38,22,1800038007
38,23,1800038008
38,24,1800038009
38,25,1800038010
38,26,1800038011
38,27,1800038012
38,28,1800038013
38,29,1800038014
38,30,1800038015
38,31,1800038016
38,32,1800038017
38,33,1800038018
38,34,1800038019
38,35,1800038020
38,36,1800038021
38,50,1800038022
38,38,1800038023
39,58,1800039000
39,59,1800039001
39,60,1800039002
39,41,1800039003
39,42,1800039004
39,43,1800039005
39,44,1800039006
39,45,1800039007
39,46,1800039008
39,47,1800039009
39,48,1800039010
39,49,1800039011
39,50,1800039012
39,51,1800039013
39,52,1800039014
39,53,1800039015
39,112,1800039016
39,55,1800039017
39,56,1800039018
39,57,1800039019
39,58,1800039020
39,59,1800039021
39,60,1800039022
39,41,1800039023
40,61,1800040000
40,62,1800040001
40,63,1800040002
40,64,1800040003
40,65,1800040004
40,26,1800040005
40,13,1800040006
40,68,1800040007
40,85,1800040008
40,35,1800040009
40,71,1800040010
40,72,1800040011
40,73,1800040012
40,23,1800040013
40,75,1800040014
40,76,1800040015
40,77,1800040016
40,78,1800040017
40,79,1800040018
40,80,1800040019
40,61,1800040020
40,62,1800040021
40,20,1800040022
40,64,1800040023
41,84,1800041000
41,85,1800041001
41,86,1800041002
41,87,1800041003
41,88,1800041004
41,89,1800041005
41,90,1800041006
41,91,1800041007
41,92,1800041008
41,93,1800041009
41,94,1800041010
41,95,1800041011
41,96,1800041012
41,97,1800041013
41,98,1800041014
41,99,1800041015
41,100,1800041016
41,81,1800041017
41,82,1800041018
41,83,1800041019
41,60,1800041020
41,85,1800041021
41,86,1800041022
41,87,1800041023
42,107,1800042000
42,108,1800042001
42,109,1800042002
42,110,1800042003
42,111,1800042004
42,112,1800042005
42,113,1800042006
42,114,1800042007
42,115,1800042008
42,116,1800042009
42,117,1800042010
42,73,1800042011
42,119,1800042012
42,120,1800042013
42,101,1800042014
42,102,1800042015
42,103,1800042016
42,104,1800042017
42,105,1800042018
42,5,1800042019
42,107,1800042020
42,109,1800042021
42,56,1800042022
42,110,1800042023
43,10,1800043000
43,11,1800043001
43,111,1800043002
43,13,1800043003
43,14,1800043004
43,15,1800043005
43,16,1800043006
43,17,1800043007
43,18,1800043008
43,19,1800043009
43,20,1800043010
43,1,1800043011
43,2,1800043012
43,3,1800043013
43,4,1800043014
43,5,1800043015
43,22,1800043016
43,7,1800043017
43,8,1800043018
43,9,1800043019
43,10,1800043020
43,11,1800043021
43,12,1800043022
43,13,1800043023
44,33,1800044000
44,34,1800044001
44,35,1800044002
44,36,1800044003
44,37,1800044004
44,101,1800044005
44,39,1800044006
44,40,1800044007
44,21,1800044008
44,22,1800044009
44,23,1800044010
44,24,1800044011
44,25,1800044012
44,26,1800044013
44,27,1800044014
44,28,1800044015
44,29,1800044016
44,30,1800044017
44,31,1800044018
44,32,1800044019
44,33,1800044020
44,76,1800044021
44,35,1800044022
44,36,1800044023
45,56,1800045000
45,26,1800045001
45,58,1800045002
45,59,1800045003
45,47,1800045004
45,41,1800045005
45,42,1800045006
45,43,1800045007
45,44,1800045008
45,45,1800045009
45,46,1800045010
45,47,1800045011
45,48,1800045012
45,49,1800045013
45,50,1800045014
45,51,1800045015
45,52,1800045016
45,53,1800045017
45,54,1800045018
45,115,1800045019
45,56,1800045020
45,57,1800045021
45,58,1800045022
45,59,1800045023
46,79,1800046000
46,80,1800046001
46,61,1800046002
46,62,1800046003
46,63,1800046004
46,64,1800046005
46,65,1800046006
46,66,1800046007
46,67,1800046008
46,68,1800046009
46,69,1800046010
46,70,1800046011
46,71,1800046012
46,72,1800046013
46,73,1800046014
46,74,1800046015
46,75,1800046016
46,76,1800046017
46,77,1800046018
46,78,1800046019
46,79,1800046020
46,80,1800046021
46,61,1800046022
46,62,1800046023
47,82,1800047000
47,83,1800047001
47,84,1800047002
47,85,1800047003
47,86,1800047004
47,87,1800047005
47,88,1800047006
47,89,1800047007
47,90,1800047008
47,91,1800047009
47,92,1800047010
47,93,1800047011
47,94,1800047012
47,1,1800047013
47,96,1800047014
47,97,1800047015
47,98,1800047016
47,99,1800047017
47,100,1800047018
47,81,1800047019
47,82,1800047020
47,83,1800047021
47,84,1800047022
47,85,1800047023
48,105,1800048000
48,106,1800048001
48,107,1800048002
48,108,1800048003
48,109,1800048004
48,110,1800048005
48,111,1800048006
48,112,1800048007
48,113,1800048008
48,114,1800048009
48,115,1800048010
48,116,1800048011
48,117,1800048012
48,118,1800048013
48,119,1800048014
48,120,1800048015
48,101,1800048016
48,102,1800048017
48,103,1800048018
48,104,1800048019
48,105,1800048020
48,106,1800048021
48,107,1800048022
48,108,1800048023
49,8,1800049000
49,9,1800049001
49,10,1800049002
49,11,1800049003
49,12,1800049004
49,13,1800049005
49,14,1800049006
49,15,1800049007
49,16,1800049008
49,17,1800049009
49,18,1800049010
49,19,1800049011
49,20,1800049012
49,32,1800049013
49,2,1800049014
49,117,1800049015
49,4,1800049016
49,5,1800049017
49,6,1800049018
49,7,1800049019
49,8,1800049020
49,9,1800049021
49,10,1800049022
49,11,1800049023
50,31,1800050000
50,32,1800050001
50,85,1800050002
50,34,1800050003
50,35,1800050004
50,36,1800050005
50,37,1800050006
50,38,1800050007
50,89,1800050008
50,40,1800050009
50,21,1800050010
50,22,1800050011
50,23,1800050012
50,24,1800050013
50,25,1800050014
50,59,1800050015
50,27,1800050016
50,28,1800050017
50,29,1800050018
50,30,1800050019
50,31,1800050020
50,32,1800050021
50,33,1800050022
50,46,1800050023
51,54,1800051000
51,55,1800051001
51,56,1800051002
51,50,1800051003
51,58,1800051004
51,59,1800051005
51,4,1800051006
51,41,1800051007
51,42,1800051008
51,43,1800051009
51,44,1800051010
51,45,1800051011
51,46,1800051012
51,48,1800051013
51,48,1800051014
51,49,1800051015
51,50,1800051016
51,51,1800051017
51,52,1800051018
51,53,1800051019
51,54,1800051020
51,55,1800051021
51,56,1800051022
51,57,1800051023
52,77,1800052000
52,78,1800052001
52,79,1800052002
52,80,1800052003
52,61,1800052004
52,62,1800052005
52,63,1800052006
52,64,1800052007
52,65,1800052008
52,20,1800052009
52,67,1800052010
52,68,1800052011
52,69,1800052012
52,18,1800052013
52,71,1800052014
52,84,1800052015
52,73,1800052016
52,74,1800052017
52,75,1800052018
52,76,1800052019
52,78,1800052020
52,78,1800052021
52,79,1800052022
52,80,1800052023
53,114,1800053000
53,81,1800053001
53,58,1800053002
53,83,1800053003
53,84,1800053004
53,85,1800053005
53,86,1800053006
53,87,1800053007
53,88,1800053008
53,89,1800053009
53,90,1800053010
53,91,1800053011
53,92,1800053012
53,93,1800053013
53,94,1800053014
53,95,1800053015
53,96,1800053016
53,97,1800053017
53,98,1800053018
53,99,1800053019
53,100,1800053020
53,81,1800053021
53,82,1800053022
53,83,1800053023
54,74,1800054000
54,62,1800054001
54,105,1800054002
54,106,1800054003
54,107,1800054004
54,86,1800054005
54,109,1800054006
54,110,1800054007
54,68,1800054008
54,112,1800054009
54,113,1800054010
54,51,1800054011
54,115,1800054012
54,116,1800054013
54,117,1800054014
54,118,1800054015
54,119,1800054016
54,120,1800054017
54,101,1800054018
54,73,1800054019
54,103,1800054020
54,104,1800054021
54,105,1800054022
54,106,1800054023
55,6,1800055000
55,7,1800055001
55,8,1800055002
55,9,1800055003
55,10,1800055004
55,11,1800055005
55,12,1800055006
55,13,1800055007
55,14,1800055008
55,15,1800055009
55,115,1800055010
55,17,1800055011
55,18,1800055012
55,56,1800055013
55,20,1800055014
55,1,1800055015
55,2,1800055016
55,3,1800055017
55,4,1800055018
55,5,1800055019
55,6,1800055020
55,7,1800055021
55,8,1800055022
55,9,1800055023
56,29,1800056000
56,30,1800056001
56,31,1800056002
56,32,1800056003
56,33,1800056004
56,59,1800056005
56,35,1800056006
56,11,1800056007
56,37,1800056008
56,30,1800056009
56,114,1800056010
56,40,1800056011
56,21,1800056012
56,22,1800056013
56,23,1800056014
56,24,1800056015
56,25,1800056016
56,26,1800056017
56,27,1800056018
56,55,1800056019
56,29,1800056020
56,30,1800056021
56,31,1800056022
56,32,1800056023
57,52,1800057000
57,53,1800057001
57,54,1800057002
57,55,1800057003
57,40,1800057004
57,57,1800057005
57,58,1800057006
57,59,1800057007
57,60,1800057008
57,41,1800057009
57,42,1800057010
57,43,1800057011
57,44,1800057012
57,79,1800057013
57,46,1800057014
57,47,1800057015
57,48,1800057016
57,49,1800057017
57,50,1800057018
57,51,1800057019
57,52,1800057020
57,54,1800057021
57,54,1800057022
57,55,1800057023
58,81,1800058000
58,76,1800058001
58,77,1800058002
58,18,1800058003
58,79,1800058004
58,80,1800058005
58,61,1800058006
58,62,1800058007
58,63,1800058008
58,64,1800058009
58,65,1800058010
58,39,1800058011
58,17,1800058012
58,68,1800058013
58,41,1800058014
58,85,1800058015
58,63,1800058016
58,72,1800058017
58,73,1800058018
58,74,1800058019
58,36,1800058020
58,76,1800058021
58,104,1800058022
58,78,1800058023
59,98,1800059000
59,99,1800059001
59,100,1800059002
59,81,1800059003
59,82,1800059004
59,54,1800059005
59,84,1800059006
59,85,1800059007
59,86,1800059008
59,87,1800059009
59,88,1800059010
59,115,1800059011
59,90,1800059012
59,91,1800059013
59,92,1800059014
59,93,1800059015
59,94,1800059016
59,95,1800059017
59,114,1800059018
59,97,1800059019
59,98,1800059020
59,99,1800059021
59,100,1800059022
59,81,1800059023
60,101,1800060000
60,102,1800060001
60,103,1800060002
60,104,1800060003
60,105,1800060004
60,67,1800060005
60,107,1800060006
60,108,1800060007
60,109,1800060008
60,110,1800060009
60,111,1800060010
60,112,1800060011
60,113,1800060012
60,114,1800060013
60,115,1800060014
60,12,1800060015
60,104,1800060016
60,118,1800060017
60,119,1800060018
60,120,1800060019
60,101,1800060020
60,102,1800060021
60,7,1800060022
60,104,1800060023
61,4,1800061000
61,5,1800061001
61,6,1800061002
61,7,1800061003
61,8,1800061004
61,9,1800061005
61,10,1800061006
61,11,1800061007
61,12,1800061008
61,56,1800061009
61,14,1800061010
61,116,1800061011
61,91,1800061012
61,70,1800061013
61,18,1800061014
61,19,1800061015
61,110,1800061016
61,1,1800061017
61,2,1800061018
61,3,1800061019
61,4,1800061020
61,5,1800061021
61,6,1800061022
61,47,1800061023
62,27,1800062000
62,111,1800062001
62,29,1800062002
62,30,1800062003
62,31,1800062004
62,32,1800062005
62,33,1800062006
62,88,1800062007
62,35,1800062008
62,36,1800062009
62,37,1800062010
62,38,1800062011
62,39,1800062012
62,39,1800062013
62,21,1800062014
62,41,1800062015
62,23,1800062016
62,61,1800062017
62,25,1800062018
62,26,1800062019
62,27,1800062020
62,28,1800062021
62,86,1800062022
62,30,1800062023
63,50,1800063000
63,51,1800063001
63,52,1800063002
63,53,1800063003
63,54,1800063004
63,55,1800063005
63,56,1800063006
63,57,1800063007
63,58,1800063008
63,59,1800063009
63,60,1800063010
63,41,1800063011
63,42,1800063012
63,28,1800063013
63,44,1800063014
63,45,1800063015
63,46,1800063016
63,47,1800063017
63,4,1800063018
63,49,1800063019
63,50,1800063020
63,51,1800063021
63,103,1800063022
63,53,1800063023
64,73,1800064000
64,33,1800064001
64,75,1800064002
64,85,1800064003
64,77,1800064004
64,17,1800064005
64,79,1800064006
64,80,1800064007
64,61,1800064008
64,62,1800064009
64,63,1800064010
64,64,1800064011
64,92,1800064012
64,66,1800064013
64,67,1800064014
64,68,1800064015
64,69,1800064016
64,5,1800064017
64,71,1800064018
64,72,1800064019
64,73,1800064020
64,74,1800064021
64,75,1800064022
64,76,1800064023
65,96,1800065000
65,97,1800065001
65,98,1800065002
65,99,1800065003
65,100,1800065004
65,4,1800065005
65,82,1800065006
65,33,1800065007
65,84,1800065008
65,85,1800065009
65,86,1800065010
65,87,1800065011
65,88,1800065012
65,89,1800065013
65,90,1800065014
65,91,1800065015
65,92,1800065016
65,93,1800065017
65,94,1800065018
65,95,1800065019
65,96,1800065020
65,97,1800065021
65,98,1800065022
65,51,1800065023
66,119,1800066000
66,120,1800066001
66,101,1800066002
66,102,1800066003
66,21,1800066004
66,104,1800066005
66,20,1800066006
66,106,1800066007
66,107,1800066008
66,40,1800066009
66,109,1800066010
66,110,1800066011
66,111,1800066012
66,112,1800066013
66,113,1800066014
66,25,1800066015
66,115,1800066016
66,116,1800066017
66,117,1800066018
66,118,1800066019
66,119,1800066020
66,120,1800066021
66,101,1800066022
66,102,1800066023
67,2,1800067000
67,3,1800067001
67,4,1800067002
67,5,1800067003
67,6,1800067004
67,7,1800067005
67,8,1800067006
67,9,1800067007
67,10,1800067008
67,11,1800067009
67,12,1800067010
67,13,1800067011
67,14,1800067012
67,15,1800067013
67,16,1800067014
67,17,1800067015
67,18,1800067016
67,43,1800067017
67,20,1800067018
67,1,1800067019
67,29,1800067020
67,56,1800067021
67,4,1800067022
67,5,1800067023
68,25,1800068000
68,26,1800068001
68,27,1800068002
68,28,1800068003
68,29,1800068004
68,30,1800068005
68,106,1800068006
68,32,1800068007
68,33,1800068008
68,34,1800068009
68,35,1800068010
68,36,1800068011
68,37,1800068012
68,38,1800068013
68,39,1800068014
68,31,1800068015
68,21,1800068016
68,22,1800068017
68,23,1800068018
68,24,1800068019
68,25,1800068020
68,6,1800068021
68,27,1800068022
68,28,1800068023
69,48,1800069000
69,49,1800069001
69,64,1800069002
69,51,1800069003
69,52,1800069004
69,53,1800069005
69,54,1800069006
69,55,1800069007
69,56,1800069008
69,57,1800069009
69,58,1800069010
69,59,1800069011
69,60,1800069012
69,41,1800069013
69,42,1800069014
69,43,1800069015
69,44,1800069016
69,45,1800069017
69,46,1800069018
69,47,1800069019
69,40,1800069020
69,49,1800069021
69,50,1800069022
69,51,1800069023
70,5,1800070000
70,72,1800070001
70,30,1800070002
70,74,1800070003
70,75,1800070004
70,76,1800070005
70,77,1800070006
70,78,1800070007
70,79,1800070008
70,80,1800070009
70,61,1800070010
70,62,1800070011
70,63,1800070012
70,64,1800070013
70,65,1800070014
70,66,1800070015
70,67,1800070016
70,68,1800070017
70,75,1800070018
70,70,1800070019
70,115,1800070020
70,72,1800070021
70,87,1800070022
70,74,1800070023
71,94,1800071000
71,95,1800071001
71,96,1800071002
71,97,1800071003
71,98,1800071004
71,98,1800071005
71,100,1800071006
71,81,1800071007
71,82,1800071008
71,83,1800071009
71,84,1800071010
71,85,1800071011
71,86,1800071012
71,6,1800071013
71,71,1800071014
71,89,1800071015
71,90,1800071016
71,11,1800071017
71,92,1800071018
71,93,1800071019
71,51,1800071020
71,70,1800071021
71,96,1800071022
71,97,1800071023
72,117,1800072000
72,118,1800072001
72,96,1800072002
72,120,1800072003
72,101,1800072004
72,102,1800072005
72,103,1800072006
72,104,1800072007
72,105,1800072008
72,106,1800072009
72,107,1800072010
72,108,1800072011
72,109,1800072012
72,110,1800072013
72,81,1800072014
72,112,1800072015
72,113,1800072016
72,114,1800072017
72,115,1800072018
72,116,1800072019
72,117,1800072020
72,118,1800072021
72,119,1800072022
72,120,1800072023
73,20,1800073000
73,1,1800073001
73,2,1800073002
73,3,1800073003
73,4,1800073004
73,5,1800073005
73,6,1800073006
73,5,1800073007
73,8,1800073008
73,9,1800073009
73,10,1800073010
73,11,1800073011
73,12,1800073012
73,13,1800073013
73,14,1800073014
73,15,1800073015
73,52,1800073016
73,99,1800073017
73,18,1800073018
73,19,1800073019
73,20,1800073020
73,1,1800073021
73,2,1800073022
73,56,1800073023
74,23,1800074000
74,24,1800074001
74,25,1800074002
74,26,1800074003
74,27,1800074004
74,28,1800074005
74,29,1800074006
74,30,1800074007
74,71,1800074008
74,32,1800074009
74,33,1800074010
74,34,1800074011
74,35,1800074012
74,36,1800074013
74,37,1800074014
74,38,1800074015
74,39,1800074016
74,40,1800074017
74,21,1800074018
74,22,1800074019
74,23,1800074020
74,24,1800074021
74,25,1800074022
74,26,1800074023
75,46,1800075000
75,47,1800075001
75,48,1800075002
75,49,1800075003
75,50,1800075004
75,51,1800075005
75,99,1800075006
75,53,1800075007
75,15,1800075008
75,55,1800075009
75,56,1800075010
75,111,1800075011
75,58,1800075012
75,59,1800075013
75,60,1800075014
75,41,1800075015
75,42,1800075016
75,43,1800075017
75,44,1800075018
75,45,1800075019
75,46,1800075020
75,47,1800075021
75,48,1800075022
75,49,1800075023
76,69,1800076000
76,70,1800076001
76,71,1800076002
76,72,1800076003
76,73,1800076004
76,74,1800076005
76,91,1800076006
76,76,1800076007
76,11,1800076008
76,78,1800076009
76,79,1800076010
76,80,1800076011
76,61,1800076012
76,62,1800076013
76,63,1800076014
76,64,1800076015
76,65,1800076016
76,26,1800076017
76,67,1800076018
76,68,1800076019
76,87,1800076020
76,70,1800076021
76,71,1800076022
76,72,1800076023
77,92,1800077000
77,93,1800077001
77,94,1800077002
77,64,1800077003
77,70,1800077004
77,97,1800077005
77,98,1800077006
77,99,1800077007
77,100,1800077008
77,98,1800077009
77,82,1800077010
77,48,1800077011
77,84,1800077012
77,85,1800077013
77,24,1800077014
77,87,1800077015
77,88,1800077016
77,89,1800077017
77,90,1800077018
77,91,1800077019
77,92,1800077020
77,93,1800077021
77,94,1800077022
77,95,1800077023
78,115,1800078000
78,116,1800078001
78,117,1800078002
78,118,1800078003
78,119,1800078004
78,120,1800078005
78,101,1800078006
78,102,1800078007
78,103,1800078008
78,104,1800078009
78,71,1800078010
78,106,1800078011
78,107,1800078012
78,108,1800078013
78,109,1800078014
78,110,1800078015
78,111,1800078016
78,112,1800078017
78,113,1800078018
78,114,1800078019
78,88,1800078020
78,116,1800078021
78,117,1800078022
78,118,1800078023
79,18,1800079000
79,19,1800079001
79,20,1800079002
79,1,1800079003
79,2,1800079004
79,3,1800079005
79,4,1800079006
79,5,1800079007
79,36,1800079008
79,7,1800079009
79,8,1800079010
79,15,1800079011
79,10,1800079012
79,106,1800079013
79,12,1800079014
79,13,1800079015
79,14,1800079016
79,15,1800079017
79,16,1800079018
79,17,1800079019
79,18,1800079020
79,19,1800079021
79,20,1800079022
79,1,1800079023
80,21,1800080000
80,22,1800080001
80,23,1800080002
80,24,1800080003
80,25,1800080004
80,26,1800080005
80,27,1800080006
80,28,1800080007
80,29,1800080008
80,31,1800080009
80,31,1800080010
80,32,1800080011
80,40,1800080012
80,34,1800080013
80,35,1800080014
80,36,1800080015
80,37,1800080016
80,38,1800080017
80,39,1800080018
80,40,1800080019
80,21,1800080020
80,22,1800080021
80,23,1800080022
80,24,1800080023
81,44,1800081000
81,45,1800081001
81,71,1800081002
81,47,1800081003
81,48,1800081004
81,49,1800081005
81,50,1800081006
81,51,1800081007
81,52,1800081008
81,107,1800081009
81,54,1800081010
81,55,1800081011
81,56,1800081012
81,44,1800081013
81,113,1800081014
81,33,1800081015
81,60,1800081016
81,41,1800081017
81,42,1800081018
81,43,1800081019
81,44,1800081020
81,45,1800081021
81,46,1800081022
81,89,1800081023
82,67,1800082000
82,68,1800082001
82,69,1800082002
82,70,1800082003
82,71,1800082004
82,72,1800082005
82,73,1800082006
82,74,1800082007
82,79,1800082008
82,76,1800082009
82,77,1800082010
82,78,1800082011
82,20,1800082012
82,80,1800082013
82,120,1800082014
82,62,1800082015
82,63,1800082016
82,64,1800082017
82,65,1800082018
82,66,1800082019
82,67,1800082020
82,68,1800082021
82,69,1800082022
82,70,1800082023
83,90,1800083000
83,91,1800083001
83,92,1800083002
83,93,1800083003
83,94,1800083004
83,95,1800083005
83,96,1800083006
83,83,1800083007
83,98,1800083008
83,99,1800083009
83,42,1800083010
83,81,1800083011
83,82,1800083012
83,83,1800083013
83,46,1800083014
83,85,1800083015
83,86,1800083016
83,87,1800083017
83,88,1800083018
83,89,1800083019
83,90,1800083020
83,91,1800083021
83,92,1800083022
83,93,1800083023
84,113,1800084000
84,114,1800084001
84,104,1800084002
84,116,1800084003
84,117,1800084004
84,114,1800084005
84,119,1800084006
84,120,1800084007
84,18,1800084008
84,102,1800084009
84,103,1800084010
84,104,1800084011
84,105,1800084012
84,106,1800084013
84,107,1800084014
84,108,1800084015
84,109,1800084016
84,110,1800084017
84,111,1800084018
84,112,1800084019
84,113,1800084020
84,114,1800084021
84,115,1800084022
84,98,1800084023
85,88,1800085000
85,17,1800085001
85,18,1800085002
85,19,1800085003
85,20,1800085004
85,1,1800085005
85,2,1800085006
85,3,1800085007
85,4,1800085008
85,5,1800085009
85,51,1800085010
85,7,1800085011
85,8,1800085012
85,104,1800085013
85,7,1800085014
85,11,1800085015
85,12,1800085016
85,13,1800085017
85,14,1800085018
85,15,1800085019
85,16,1800085020
85,17,1800085021
85,18,1800085022
85,55,1800085023
86,39,1800086000
86,40,1800086001
86,21,1800086002
86,22,1800086003
86,23,1800086004
86,24,1800086005
86,25,1800086006
86,2,1800086007
86,92,1800086008
86,28,1800086009
86,29,1800086010
86,30,1800086011
86,31,1800086012
86,32,1800086013
86,70,1800086014
86,34,1800086015
86,35,1800086016
86,36,1800086017
86,37,1800086018
86,38,1800086019
86,54,1800086020
86,40,1800086021
86,21,1800086022
86,22,1800086023
87,42,1800087000
87,43,1800087001
87,44,1800087002
87,45,1800087003
87,46,1800087004
87,47,1800087005
87,48,1800087006
87,49,1800087007
87,50,1800087008
87,51,1800087009
87,52,1800087010
87,53,1800087011
87,93,1800087012
87,55,1800087013
87,56,1800087014
87,57,1800087015
87,118,1800087016
87,59,1800087017
87,60,1800087018
87,41,1800087019
87,42,1800087020
87,68,1800087021
87,44,1800087022
87,45,1800087023
88,65,1800088000
88,66,1800088001
88,67,1800088002
88,68,1800088003
88,69,1800088004
88,70,1800088005
88,71,1800088006
88,72,1800088007
88,92,1800088008
88,74,1800088009
88,75,1800088010
88,76,1800088011
88,77,1800088012
88,78,1800088013
88,55,1800088014
88,80,1800088015
88,110,1800088016
88,62,1800088017
88,99,1800088018
88,28,1800088019
88,65,1800088020
88,66,1800088021
88,67,1800088022
88,68,1800088023
89,88,1800089000
89,30,1800089001
89,37,1800089002
89,91,1800089003
89,92,1800089004
89,93,1800089005
89,5,1800089006
89,95,1800089007
89,96,1800089008
89,97,1800089009
89,98,1800089010
89,99,1800089011
89,100,1800089012
89,81,1800089013
89,82,1800089014
89,83,1800089015
89,106,1800089016
89,85,1800089017
89,25,1800089018
89,87,1800089019
89,8,1800089020
89,22,1800089021
89,90,1800089022
89,91,1800089023
90,111,1800090000
90,112,1800090001
90,113,1800090002
90,114,1800090003
90,115,1800090004
90,116,1800090005
90,66,1800090006
90,118,1800090007
90,119,1800090008
90,120,1800090009
90,101,1800090010
90,102,1800090011
90,103,1800090012
90,104,1800090013
90,14,1800090014
90,106,1800090015
90,107,1800090016
90,108,1800090017
90,109,1800090018
90,110,1800090019
90,111,1800090020
90,112,1800090021
90,115,1800090022
90,114,1800090023
91,14,1800091000
91,15,1800091001
91,16,1800091002
91,17,1800091003
91,18,1800091004
91,19,1800091005
91,20,1800091006
91,17,1800091007
91,19,1800091008
91,3,1800091009
91,4,1800091010
91,5,1800091011
91,58,1800091012
91,7,1800091013
91,8,1800091014
91,9,1800091015
91,10,1800091016
91,11,1800091017
91,12,1800091018
91,13,1800091019
91,21,1800091020
91,15,1800091021
91,16,1800091022
91,17,1800091023
92,37,1800092000
92,38,1800092001
92,39,1800092002
92,88,1800092003
92,21,1800092004
92,22,1800092005
92,23,1800092006
92,24,1800092007
92,25,1800092008
92,26,1800092009
92,27,1800092010
92,28,1800092011
92,29,1800092012
92,30,1800092013
92,31,1800092014
92,32,1800092015
92,33,1800092016
92,14,1800092017
92,35,1800092018
92,36,1800092019
92,37,1800092020
92,38,1800092021
92,39,1800092022
92,40,1800092023
93,60,1800093000
93,41,1800093001
93,42,1800093002
93,24,1800093003
93,44,1800093004
93,45,1800093005
93,46,1800093006
93,47,1800093007
93,87,1800093008
93,49,1800093009
93,50,1800093010
93,10,1800093011
93,52,1800093012
93,53,1800093013
93,54,1800093014
93,55,1800093015
93,56,1800093016
93,57,1800093017
93,58,1800093018
93,59,1800093019
93,47,1800093020
93,41,1800093021
93,110,1800093022
93,62,1800093023
94,63,1800094000
94,16,1800094001
94,65,1800094002
94,66,1800094003
94,67,1800094004
94,68,1800094005
94,69,1800094006
94,70,1800094007
94,71,1800094008
94,72,1800094009
94,73,1800094010
94,74,1800094011
94,75,1800094012
94,76,1800094013
94,77,1800094014
94,78,1800094015
94,79,1800094016
94,80,1800094017
94,21,1800094018
94,62,1800094019
94,63,1800094020
94,64,1800094021
94,114,1800094022
94,66,1800094023
95,86,1800095000
95,37,1800095001
95,88,1800095002
95,89,1800095003
95,90,1800095004
95,91,1800095005
95,92,1800095006
95,93,1800095007
95,94,1800095008
95,95,1800095009
95,96,1800095010
95,97,1800095011
95,98,1800095012
95,99,1800095013
95,100,1800095014
95,59,1800095015
95,82,1800095016
95,83,1800095017
95,84,1800095018
95,85,1800095019
95,86,1800095020
95,87,1800095021
95,88,1800095022
95,89,1800095023
96,109,1800096000
96,110,1800096001
96,111,1800096002
96,112,1800096003
96,113,1800096004
96,114,1800096005
96,115,1800096006
96,116,1800096007
96,117,1800096008
96,3,1800096009
96,119,1800096010
96,120,1800096011
96,101,1800096012
96,69,1800096013
96,103,1800096014
96,104,1800096015
96,105,1800096016
96,106,1800096017
96,107,1800096018
96,108,1800096019
96,89,1800096020
96,110,1800096021
96,93,1800096022
96,112,1800096023
97,43,1800097000
97,13,1800097001
97,14,1800097002
97,102,1800097003
97,16,1800097004
97,17,1800097005
97,18,1800097006
97,19,1800097007
97,20,1800097008
97,12,1800097009
97,79,1800097010
97,3,1800097011
97,4,1800097012
97,5,1800097013
97,6,1800097014
97,7,1800097015
97,8,1800097016
97,9,1800097017
97,10,1800097018
97,11,1800097019
97,12,1800097020
97,33,1800097021
97,14,1800097022
97,15,1800097023
98,35,1800098000
98,36,1800098001
98,2,1800098002
98,38,1800098003
98,39,1800098004
98,40,1800098005
98,95,1800098006
98,22,1800098007
98,23,1800098008
98,24,1800098009
98,25,1800098010
98,41,1800098011
98,27,1800098012
98,28,1800098013
98,29,1800098014
98,30,1800098015
98,31,1800098016
98,32,1800098017
98,109,1800098018
98,34,1800098019
98,35,1800098020
98,36,1800098021
98,37,1800098022
98,38,1800098023
99,58,1800099000
99,59,1800099001
99,60,1800099002
99,41,1800099003
99,66,1800099004
99,43,1800099005
99,44,1800099006
99,45,1800099007
99,46,1800099008
99,47,1800099009
99,94,1800099010
99,49,1800099011
99,59,1800099012
99,51,1800099013
99,110,1800099014
99,53,1800099015
99,54,1800099016
99,55,1800099017
99,56,1800099018
99,57,1800099019
99,58,1800099020
99,59,1800099021
99,60,1800099022
99,41,1800099023
100,79,1800100000
100,62,1800100001
100,63,1800100002
100,64,1800100003
100,65,1800100004
100,49,1800100005
100,67,1800100006
100,68,1800100007
100,69,1800100008
100,70,1800100009
100,71,1800100010
100,97,1800100011
100,73,1800100012
100,13,1800100013
100,75,1800100014
100,76,1800100015
100,77,1800100016
100,78,1800100017
100,79,1800100018
100,80,1800100019
100,61,1800100020
100,67,1800100021
100,63,1800100022
100,64,1800100023
101,84,1800101000
101,85,1800101001
101,86,1800101002
101,87,1800101003
101,88,1800101004
101,89,1800101005
101,90,1800101006
101,91,1800101007
101,46,1800101008
101,93,1800101009
101,94,1800101010
101,95,1800101011
101,96,1800101012
101,97,1800101013
101,45,1800101014
101,74,1800101015
101,100,1800101016
101,81,1800101017
101,82,1800101018
101,109,1800101019
101,84,1800101020
101,85,1800101021
101,119,1800101022
101,87,1800101023
102,107,1800102000
102,108,1800102001
102,109,1800102002
102,41,1800102003
102,111,1800102004
102,112,1800102005
102,113,1800102006
102,80,1800102007
102,115,1800102008
102,116,1800102009
102,117,1800102010
102,118,1800102011
102,119,1800102012
102,120,1800102013
102,101,1800102014
102,102,1800102015
102,103,1800102016
102,104,1800102017
102,105,1800102018
102,106,1800102019
102,107,1800102020
102,108,1800102021
102,109,1800102022
102,110,1800102023
103,10,1800103000
103,11,1800103001
103,12,1800103002
103,13,1800103003
103,22,1800103004
103,15,1800103005
103,16,1800103006
103,45,1800103007
103,18,1800103008
103,19,1800103009
103,20,1800103010
103,1,1800103011
103,2,1800103012
103,3,1800103013
103,4,1800103014
103,5,1800103015
103,6,1800103016
103,7,1800103017
103,27,1800103018
103,9,1800103019
103,10,1800103020
103,11,1800103021
103,12,1800103022
103,13,1800103023
104,33,1800104000
104,34,1800104001
104,35,1800104002
104,36,1800104003
104,37,1800104004
104,52,1800104005
104,39,1800104006
104,40,1800104007
104,21,1800104008
104,111,1800104009
104,23,1800104010
104,24,1800104011
104,25,1800104012
104,26,1800104013
104,27,1800104014
104,106,1800104015
104,29,1800104016
104,26,1800104017
104,31,1800104018
104,32,1800104019
104,33,1800104020
104,34,1800104021
104,35,1800104022
104,36,1800104023
105,56,1800105000
105,57,1800105001
105,58,1800105002
105,59,1800105003
105,60,1800105004
105,41,1800105005
105,42,1800105006
105,43,1800105007
105,44,1800105008
105,45,1800105009
105,32,1800105010
105,109,1800105011
105,48,1800105012
105,49,1800105013
105,50,1800105014
105,51,1800105015
105,52,1800105016
105,53,1800105017
105,54,1800105018
105,55,1800105019
105,56,1800105020
105,57,1800105021
105,112,1800105022
105,59,1800105023
106,79,1800106000
106,80,1800106001
106,61,1800106002
106,62,1800106003
106,63,1800106004
106,64,1800106005
106,65,1800106006
106,66,1800106007
106,67,1800106008
106,9,1800106009
106,69,1800106010
106,70,1800106011
106,71,1800106012
106,72,1800106013
106,73,1800106014
106,74,1800106015
106,41,1800106016
106,76,1800106017
106,77,1800106018
106,78,1800106019
106,79,1800106020
106,80,1800106021
106,61,1800106022
106,62,1800106023
107,82,1800107000
107,83,1800107001
107,84,1800107002
107,85,1800107003
107,86,1800107004
107,87,1800107005
107,88,1800107006
107,89,1800107007
107,90,1800107008
107,91,1800107009
107,92,1800107010
107,95,1800107011
107,94,1800107012
107,95,1800107013
107,96,1800107014
107,97,1800107015
107,98,1800107016
107,99,1800107017
107,100,1800107018
107,81,1800107019
107,82,1800107020
107,83,1800107021
107,68,1800107022
107,85,1800107023
108,31,1800108000
108,106,1800108001
108,106,1800108002
108,15,1800108003
108,87,1800108004
108,110,1800108005
108,111,1800108006
108,112,1800108007
108,113,1800108008
108,114,1800108009
108,115,1800108010
108,116,1800108011
108,117,1800108012
108,118,1800108013
108,119,1800108014
108,120,1800108015
108,101,1800108016
108,34,1800108017
108,57,1800108018
108,104,1800108019
108,105,1800108020
108,106,1800108021
108,107,1800108022
108,108,1800108023
109,8,1800109000
109,9,1800109001
109,10,1800109002
109,11,1800109003
109,12,1800109004
109,62,1800109005
109,14,1800109006
109,15,1800109007
109,16,1800109008
109,17,1800109009
109,18,1800109010
109,19,1800109011
109,20,1800109012
109,117,1800109013
109,2,1800109014
109,3,1800109015
109,4,1800109016
109,5,1800109017
109,6,1800109018
109,7,1800109019
109,27,1800109020
109,9,1800109021
109,10,1800109022
109,11,1800109023
110,31,1800110000
110,32,1800110001
110,33,1800110002
110,34,1800110003
110,35,1800110004
110,36,1800110005
110,37,1800110006
110,38,1800110007
110,39,1800110008
110,40,1800110009
110,8,1800110010
110,22,1800110011
110,23,1800110012
110,69,1800110013
110,25,1800110014
110,26,1800110015
110,27,1800110016
110,28,1800110017
110,29,1800110018
110,30,1800110019
110,31,1800110020
110,32,1800110021
110,33,1800110022
110,34,1800110023
111,54,1800111000
111,55,1800111001
111,56,1800111002
111,57,1800111003
111,58,1800111004
111,59,1800111005
111,60,1800111006
111,41,1800111007
111,42,1800111008
111,43,1800111009
111,90,1800111010
111,21,1800111011
111,46,1800111012
111,47,1800111013
111,48,1800111014
111,49,1800111015
111,50,1800111016
111,51,1800111017
111,52,1800111018
111,53,1800111019
111,54,1800111020
111,55,1800111021
111,56,1800111022
111,57,1800111023
112,77,1800112000
112,78,1800112001
112,79,1800112002
112,78,1800112003
112,61,1800112004
112,106,1800112005
112,63,1800112006
112,64,1800112007
112,8,1800112008
112,66,1800112009
112,67,1800112010
112,68,1800112011
112,94,1800112012
112,70,1800112013
112,71,1800112014
112,72,1800112015
112,73,1800112016
112,74,1800112017
112,75,1800112018
112,10,1800112019
112,77,1800112020
112,78,1800112021
112,10,1800112022
112,80,1800112023
113,100,1800113000
113,81,1800113001
113,106,1800113002
113,83,1800113003
113,98,1800113004
113,27,1800113005
113,86,1800113006
113,7,1800113007
113,88,1800113008
113,89,1800113009
113,90,1800113010
113,119,1800113011
113,92,1800113012
113,93,1800113013
113,94,1800113014
113,95,1800113015
113,96,1800113016
113,79,1800113017
113,99,1800113018
113,99,1800113019
113,100,1800113020
113,72,1800113021
113,82,1800113022
113,83,1800113023
114,103,1800114000
114,104,1800114001
114,105,1800114002
114,106,1800114003
114,107,1800114004
114,108,1800114005
114,109,1800114006
114,110,1800114007
114,111,1800114008
114,112,1800114009
114,113,1800114010
114,114,1800114011
114,37,1800114012
114,116,1800114013
114,81,1800114014
114,27,1800114015
114,103,1800114016
114,120,1800114017
114,101,1800114018
114,120,1800114019
114,103,1800114020
114,104,1800114021
114,78,1800114022
114,106,1800114023
115,6,1800115000
115,7,1800115001
115,8,1800115002
115,9,1800115003
115,10,1800115004
115,59,1800115005
115,99,1800115006
115,84,1800115007
115,14,1800115008
115,15,1800115009
115,16,1800115010
115,17,1800115011
115,18,1800115012
115,19,1800115013
115,20,1800115014
115,1,1800115015
115,2,1800115016
115,3,1800115017
115,4,1800115018
115,71,1800115019
115,6,1800115020
115,74,1800115021
115,8,1800115022
115,9,1800115023
116,51,1800116000
116,30,1800116001
116,31,1800116002
116,32,1800116003
116,30,1800116004
116,34,1800116005
116,35,1800116006
116,36,1800116007
116,37,1800116008
116,38,1800116009
116,39,1800116010
116,40,1800116011
116,21,1800116012
116,22,1800116013
116,23,1800116014
116,24,1800116015
116,25,1800116016
116,26,1800116017
116,27,1800116018
116,28,1800116019
116,29,1800116020
116,30,1800116021
116,30,1800116022
116,32,1800116023
117,52,1800117000
117,53,1800117001
117,54,1800117002
117,55,1800117003
117,58,1800117004
117,57,1800117005
117,58,1800117006
117,59,1800117007
117,26,1800117008
117,41,1800117009
117,42,1800117010
117,43,1800117011
117,44,1800117012
117,45,1800117013
117,46,1800117014
117,47,1800117015
117,48,1800117016
117,49,1800117017
117,50,1800117018
117,51,1800117019
117,52,1800117020
117,53,1800117021
117,54,1800117022
117,55,1800117023
118,88,1800118000
118,49,1800118001
118,77,1800118002
118,78,1800118003
118,79,1800118004
118,80,1800118005
118,61,1800118006
118,62,1800118007
118,88,1800118008
118,64,1800118009
118,105,1800118010
118,66,1800118011
118,67,1800118012
118,17,1800118013
118,69,1800118014
118,23,1800118015
118,71,1800118016
118,9,1800118017
118,6,1800118018
118,74,1800118019
118,75,1800118020
118,76,1800118021
118,96,1800118022
118,26,1800118023
119,81,1800119000
119,99,1800119001
119,100,1800119002
119,11,1800119003
119,9,1800119004
119,83,1800119005
119,84,1800119006
119,85,1800119007
119,86,1800119008
119,87,1800119009
119,88,1800119010
119,89,1800119011
119,90,1800119012
119,91,1800119013
119,92,1800119014
119,93,1800119015
119,94,1800119016
119,95,1800119017
119,88,1800119018
119,24,1800119019
119,98,1800119020
119,99,1800119021
119,100,1800119022
119,8,1800119023
120,101,1800120000
120,102,1800120001
120,103,1800120002
120,104,1800120003
120,105,1800120004
120,106,1800120005
120,107,1800120006
120,108,1800120007
120,109,1800120008
120,110,1800120009
120,111,1800120010
120,2,1800120011
120,113,1800120012
120,114,1800120013
120,115,1800120014
120,116,1800120015
120,117,1800120016
120,118,1800120017
120,119,1800120018
120,120,1800120019
120,101,1800120020
120,102,1800120021
120,103,1800120022
120,104,1800120023
121,4,1800121000
121,5,1800121001
121,6,1800121002
121,7,1800121003
121,8,1800121004
121,9,1800121005
121,10,1800121006
121,11,1800121007
121,12,1800121008
121,13,1800121009
121,14,1800121010
121,15,1800121011
121,16,1800121012
121,17,1800121013
121,18,1800121014
121,19,1800121015
121,20,1800121016
121,1,1800121017
121,2,1800121018
121,3,1800121019
121,4,1800121020
121,5,1800121021
121,10,1800121022
121,7,1800121023
122,92,1800122000
122,28,1800122001
122,29,1800122002
122,30,1800122003
122,31,1800122004
122,32,1800122005
122,56,1800122006
122,19,1800122007
122,35,1800122008
122,36,1800122009
122,37,1800122010
122,38,1800122011
122,39,1800122012
122,40,1800122013
122,21,1800122014
122,22,1800122015
122,23,1800122016
122,24,1800122017
122,82,1800122018
122,26,1800122019
122,27,1800122020
122,33,1800122021
122,29,1800122022
122,30,1800122023
123,50,1800123000
123,51,1800123001
123,52,1800123002
123,53,1800123003
123,57,1800123004
123,55,1800123005
123,56,1800123006
123,57,1800123007
123,53,1800123008
123,59,1800123009
123,36,1800123010
123,41,1800123011
123,42,1800123012
123,6,1800123013
123,44,1800123014
123,45,1800123015
123,14,1800123016
123,47,1800123017
123,48,1800123018
123,49,1800123019
123,50,1800123020
123,51,1800123021
123,67,1800123022
123,53,1800123023
124,73,1800124000
124,74,1800124001
124,98,1800124002
124,76,1800124003
124,77,1800124004
124,78,1800124005
124,79,1800124006
124,64,1800124007
124,61,1800124008
124,62,1800124009
124,63,1800124010
124,64,1800124011
124,65,1800124012
124,66,1800124013
124,36,1800124014
124,68,1800124015
124,88,1800124016
124,70,1800124017
124,71,1800124018
124,72,1800124019
124,73,1800124020
124,24,1800124021
124,20,1800124022
124,120,1800124023
125,96,1800125000
125,117,1800125001
125,98,1800125002
125,99,1800125003
125,100,1800125004
125,81,1800125005
125,82,1800125006
125,83,1800125007
125,74,1800125008
125,85,1800125009
125,19,1800125010
125,87,1800125011
125,88,1800125012
125,89,1800125013
125,90,1800125014
125,91,1800125015
125,110,1800125016
125,93,1800125017
125,94,1800125018
125,87,1800125019
125,96,1800125020
125,97,1800125021
125,98,1800125022
125,99,1800125023
126,119,1800126000
126,32,1800126001
126,101,1800126002
126,102,1800126003
126,103,1800126004
126,104,1800126005
126,105,1800126006
126,106,1800126007
126,107,1800126008
126,108,1800126009
126,109,1800126010
126,65,1800126011
126,111,1800126012
126,112,1800126013
126,113,1800126014
126,114,1800126015
126,115,1800126016
126,116,1800126017
126,117,1800126018
126,118,1800126019
126,119,1800126020
126,120,1800126021
126,101,1800126022
126,102,1800126023
127,2,1800127000
127,3,1800127001
127,4,1800127002
127,5,1800127003
127,6,1800127004
127,7,1800127005
127,8,1800127006
127,9,1800127007
127,10,1800127008
127,54,1800127009
127,12,1800127010
127,13,1800127011
127,14,1800127012
127,15,1800127013
127,16,1800127014
127,17,1800127015
127,18,1800127016
127,19,1800127017
127,20,1800127018
127,1,1800127019
127,2,1800127020
127,3,1800127021
127,11,1800127022
127,5,1800127023
128,25,1800128000
128,113,1800128001
128,27,1800128002
128,28,1800128003
128,29,1800128004
128,30,1800128005
128,31,1800128006
128,32,1800128007
128,33,1800128008
128,34,1800128009
128,71,1800128010
128,36,1800128011
128,37,1800128012
128,38,1800128013
128,39,1800128014
128,40,1800128015
128,21,1800128016
128,22,1800128017
128,23,1800128018
128,24,1800128019
128,25,1800128020
128,26,1800128021
128,27,1800128022
128,28,1800128023
